PRAGMA foreign_keys=OFF;
BEGIN TRANSACTION;
CREATE TABLE MUTABILITY (ID INT PRIMARY KEY, MUTABILITY TEXT);
INSERT INTO MUTABILITY VALUES(0,'ReadOnly');
INSERT INTO MUTABILITY VALUES(1,'WriteOnly');
INSERT INTO MUTABILITY VALUES(2,'ReadWrite');
CREATE TABLE DATATYPE (ID INT PRIMARY KEY, DATATYPE TEXT);
INSERT INTO DATATYPE VALUES(0,'string');
INSERT INTO DATATYPE VALUES(1,'decimal');
INSERT INTO DATATYPE VALUES(2,'integer');
INSERT INTO DATATYPE VALUES(3,'dateTime');
INSERT INTO DATATYPE VALUES(4,'boolean');
INSERT INTO DATATYPE VALUES(5,'OptionList');
INSERT INTO DATATYPE VALUES(6,'SequenceList');
INSERT INTO DATATYPE VALUES(7,'MemberList');
CREATE TABLE MONITOR (ID INTEGER PRIMARY KEY, "TYPE" TEXT);
INSERT INTO MONITOR VALUES(0,'UpperThreshold');
INSERT INTO MONITOR VALUES(1,'LowerThreshold');
INSERT INTO MONITOR VALUES(2,'Delta');
INSERT INTO MONITOR VALUES(3,'Periodic');
INSERT INTO MONITOR VALUES(4,'PeriodicClockAligned');
CREATE TABLE SEVERITY(ID INTEGER PRIMARY KEY, SEVERITY TEXT);
INSERT INTO SEVERITY VALUES(0,'Danger');
INSERT INTO SEVERITY VALUES(1,'HardwareFailure');
INSERT INTO SEVERITY VALUES(2,'SystemFailure');
INSERT INTO SEVERITY VALUES(3,'Critical');
INSERT INTO SEVERITY VALUES(4,'Error');
INSERT INTO SEVERITY VALUES(5,'Alert');
INSERT INTO SEVERITY VALUES(6,'Warning');
INSERT INTO SEVERITY VALUES(7,'Notice');
INSERT INTO SEVERITY VALUES(8,'Informational');
INSERT INTO SEVERITY VALUES(9,'Debug');
CREATE TABLE VARIABLE_ATTRIBUTE_TYPE (
  ID INTEGER PRIMARY KEY AUTOINCREMENT,
  "TYPE" TEXT
);
INSERT INTO VARIABLE_ATTRIBUTE_TYPE VALUES(0,'Actual');
INSERT INTO VARIABLE_ATTRIBUTE_TYPE VALUES(1,'Target');
INSERT INTO VARIABLE_ATTRIBUTE_TYPE VALUES(2,'MinSet');
INSERT INTO VARIABLE_ATTRIBUTE_TYPE VALUES(3,'MaxSet');
CREATE TABLE COMPONENT (
  ID INTEGER PRIMARY KEY AUTOINCREMENT,
  NAME TEXT,
  INSTANCE TEXT,
  EVSE_ID INTEGER,
  CONNECTOR_ID INTEGER
);
INSERT INTO COMPONENT VALUES(1,'ReservationCtrlr',NULL,NULL,NULL);
INSERT INTO COMPONENT VALUES(2,'AuthCacheCtrlr',NULL,NULL,NULL);
INSERT INTO COMPONENT VALUES(3,'DeviceDataCtrlr',NULL,NULL,NULL);
INSERT INTO COMPONENT VALUES(4,'InternalCtrlr',NULL,NULL,NULL);
INSERT INTO COMPONENT VALUES(5,'MonitoringCtrlr',NULL,NULL,NULL);
INSERT INTO COMPONENT VALUES(6,'OCPPCommCtrlr',NULL,NULL,NULL);
INSERT INTO COMPONENT VALUES(7,'AlignedDataCtrlr',NULL,NULL,NULL);
INSERT INTO COMPONENT VALUES(8,'LocalAuthListCtrlr',NULL,NULL,NULL);
INSERT INTO COMPONENT VALUES(9,'TariffCostCtrlr',NULL,NULL,NULL);
INSERT INTO COMPONENT VALUES(10,'DisplayMessageCtrlr',NULL,NULL,NULL);
INSERT INTO COMPONENT VALUES(11,'TxCtrlr',NULL,NULL,NULL);
INSERT INTO COMPONENT VALUES(12,'ChargingStation',NULL,NULL,NULL);
INSERT INTO COMPONENT VALUES(13,'AuthCtrlr',NULL,NULL,NULL);
INSERT INTO COMPONENT VALUES(14,'ISO15118Ctrlr',NULL,NULL,NULL);
INSERT INTO COMPONENT VALUES(15,'SampledDataCtrlr',NULL,NULL,NULL);
INSERT INTO COMPONENT VALUES(16,'CustomizationCtrlr',NULL,NULL,NULL);
INSERT INTO COMPONENT VALUES(17,'SmartChargingCtrlr',NULL,NULL,NULL);
INSERT INTO COMPONENT VALUES(18,'ChargingStatusIndicator',NULL,NULL,NULL);
INSERT INTO COMPONENT VALUES(19,'SecurityCtrlr',NULL,NULL,NULL);
INSERT INTO COMPONENT VALUES(20,'ClockCtrlr',NULL,NULL,NULL);
INSERT INTO COMPONENT VALUES(22,'EVSE',NULL,1,NULL);
INSERT INTO COMPONENT VALUES(24,'Connector',NULL,1,1);
CREATE TABLE VARIABLE_ATTRIBUTE (
  ID INTEGER PRIMARY KEY AUTOINCREMENT,
  VARIABLE_ID INTEGER,
  MUTABILITY_ID INTEGER,
  PERSISTENT INTEGER,
  CONSTANT INTEGER,
  TYPE_ID INTEGER,
  "VALUE" TEXT,
  FOREIGN KEY (VARIABLE_ID) REFERENCES VARIABLE (ID),
  FOREIGN KEY (TYPE_ID) REFERENCES VARIABLE_ATTRIBUTE_TYPE (ID),
  FOREIGN KEY (MUTABILITY_ID) REFERENCES MUTABILITY (ID)
);
INSERT INTO VARIABLE_ATTRIBUTE VALUES(1,1,0,1,0,0,'true');
INSERT INTO VARIABLE_ATTRIBUTE VALUES(2,2,2,1,0,0,'true');
INSERT INTO VARIABLE_ATTRIBUTE VALUES(3,3,0,1,0,0,NULL);
INSERT INTO VARIABLE_ATTRIBUTE VALUES(4,4,0,1,0,0,'true');
INSERT INTO VARIABLE_ATTRIBUTE VALUES(5,5,2,1,0,0,'true');
INSERT INTO VARIABLE_ATTRIBUTE VALUES(6,6,2,1,0,0,NULL);
INSERT INTO VARIABLE_ATTRIBUTE VALUES(7,7,2,1,0,0,NULL);
INSERT INTO VARIABLE_ATTRIBUTE VALUES(8,8,0,1,0,0,'0');
INSERT INTO VARIABLE_ATTRIBUTE VALUES(9,9,2,1,0,0,NULL);
INSERT INTO VARIABLE_ATTRIBUTE VALUES(10,10,2,1,0,0,'true');
INSERT INTO VARIABLE_ATTRIBUTE VALUES(11,11,0,1,0,0,'250');
INSERT INTO VARIABLE_ATTRIBUTE VALUES(12,12,0,1,0,0,'250');
INSERT INTO VARIABLE_ATTRIBUTE VALUES(13,13,0,1,0,0,'42');
INSERT INTO VARIABLE_ATTRIBUTE VALUES(14,14,0,1,0,0,NULL);
INSERT INTO VARIABLE_ATTRIBUTE VALUES(15,15,0,1,0,0,'4');
INSERT INTO VARIABLE_ATTRIBUTE VALUES(16,16,0,1,0,0,'2');
INSERT INTO VARIABLE_ATTRIBUTE VALUES(17,17,0,1,0,0,'42');
INSERT INTO VARIABLE_ATTRIBUTE VALUES(18,18,0,1,0,0,NULL);
INSERT INTO VARIABLE_ATTRIBUTE VALUES(19,19,NULL,1,0,0,NULL);
INSERT INTO VARIABLE_ATTRIBUTE VALUES(20,20,2,1,0,0,'true');
INSERT INTO VARIABLE_ATTRIBUTE VALUES(21,21,0,1,0,0,'cp001');
INSERT INTO VARIABLE_ATTRIBUTE VALUES(22,22,2,1,0,0,'[{"configurationSlot": 1, "connectionData": {"messageTimeout": 30, "ocppCsmsUrl": "ws://host.docker.internal:8082/cp001", "ocppInterface": "Wired0", "ocppTransport": "JSON", "ocppVersion": "OCPP20", "securityProfile": 1}}]');
INSERT INTO VARIABLE_ATTRIBUTE VALUES(23,23,0,1,0,0,'');
INSERT INTO VARIABLE_ATTRIBUTE VALUES(24,24,0,1,0,0,'');
INSERT INTO VARIABLE_ATTRIBUTE VALUES(25,25,0,1,0,0,NULL);
INSERT INTO VARIABLE_ATTRIBUTE VALUES(26,26,0,1,0,0,'');
INSERT INTO VARIABLE_ATTRIBUTE VALUES(27,27,0,1,0,0,'');
INSERT INTO VARIABLE_ATTRIBUTE VALUES(28,28,0,1,0,0,NULL);
INSERT INTO VARIABLE_ATTRIBUTE VALUES(29,29,0,1,0,0,NULL);
INSERT INTO VARIABLE_ATTRIBUTE VALUES(30,30,0,1,0,0,NULL);
INSERT INTO VARIABLE_ATTRIBUTE VALUES(31,31,0,1,0,0,NULL);
INSERT INTO VARIABLE_ATTRIBUTE VALUES(32,32,0,1,0,0,'ECDHE-ECDSA-AES128-GCM-SHA256:ECDHE-ECDSA-AES256-GCM-SHA384:AES128-GCM-SHA256:AES256-GCM-SHA384');
INSERT INTO VARIABLE_ATTRIBUTE VALUES(33,33,0,1,0,0,'TLS_AES_256_GCM_SHA384:TLS_AES_128_GCM_SHA256');
INSERT INTO VARIABLE_ATTRIBUTE VALUES(34,34,0,1,0,0,'true');
INSERT INTO VARIABLE_ATTRIBUTE VALUES(35,35,0,1,0,0,'true');
INSERT INTO VARIABLE_ATTRIBUTE VALUES(36,36,0,1,0,0,'log,html,security');
INSERT INTO VARIABLE_ATTRIBUTE VALUES(37,37,0,1,0,0,'ChargePointMaxProfile,TxDefaultProfile,TxProfile');
INSERT INTO VARIABLE_ATTRIBUTE VALUES(38,38,0,1,0,0,'31536000');
INSERT INTO VARIABLE_ATTRIBUTE VALUES(39,39,0,1,0,0,'1');
INSERT INTO VARIABLE_ATTRIBUTE VALUES(40,40,0,1,0,0,'true');
INSERT INTO VARIABLE_ATTRIBUTE VALUES(41,41,2,1,0,0,'604800');
INSERT INTO VARIABLE_ATTRIBUTE VALUES(42,42,0,1,0,0,'hello there');
INSERT INTO VARIABLE_ATTRIBUTE VALUES(43,43,0,1,0,0,'5');
INSERT INTO VARIABLE_ATTRIBUTE VALUES(44,44,0,1,0,0,'51200');
INSERT INTO VARIABLE_ATTRIBUTE VALUES(45,45,0,1,0,0,'60');
INSERT INTO VARIABLE_ATTRIBUTE VALUES(46,46,0,1,0,0,'43200');
INSERT INTO VARIABLE_ATTRIBUTE VALUES(47,47,0,1,0,0,'60');
INSERT INTO VARIABLE_ATTRIBUTE VALUES(48,48,0,1,0,0,'43200');
INSERT INTO VARIABLE_ATTRIBUTE VALUES(49,49,0,1,0,0,'0');
INSERT INTO VARIABLE_ATTRIBUTE VALUES(50,50,0,1,0,0,NULL);
INSERT INTO VARIABLE_ATTRIBUTE VALUES(51,51,0,1,0,0,'32000');
INSERT INTO VARIABLE_ATTRIBUTE VALUES(52,52,2,1,0,0,'Enabled,Active,Available,Problem');
INSERT INTO VARIABLE_ATTRIBUTE VALUES(53,53,0,1,0,0,'0');
INSERT INTO VARIABLE_ATTRIBUTE VALUES(54,54,0,1,0,0,NULL);
INSERT INTO VARIABLE_ATTRIBUTE VALUES(55,55,0,1,0,0,NULL);
INSERT INTO VARIABLE_ATTRIBUTE VALUES(56,56,0,1,0,0,'42');
INSERT INTO VARIABLE_ATTRIBUTE VALUES(57,57,2,1,0,0,'false');
INSERT INTO VARIABLE_ATTRIBUTE VALUES(58,58,0,1,0,0,NULL);
INSERT INTO VARIABLE_ATTRIBUTE VALUES(59,59,0,1,0,0,'42');
INSERT INTO VARIABLE_ATTRIBUTE VALUES(60,60,2,1,0,0,NULL);
INSERT INTO VARIABLE_ATTRIBUTE VALUES(61,61,0,1,0,0,NULL);
INSERT INTO VARIABLE_ATTRIBUTE VALUES(62,62,0,1,0,0,NULL);
INSERT INTO VARIABLE_ATTRIBUTE VALUES(63,63,0,1,0,0,NULL);
INSERT INTO VARIABLE_ATTRIBUTE VALUES(64,64,0,1,0,0,NULL);
INSERT INTO VARIABLE_ATTRIBUTE VALUES(65,65,2,1,0,0,'true');
INSERT INTO VARIABLE_ATTRIBUTE VALUES(66,66,0,1,0,0,'1');
INSERT INTO VARIABLE_ATTRIBUTE VALUES(67,67,0,1,0,0,'');
INSERT INTO VARIABLE_ATTRIBUTE VALUES(68,68,2,1,0,0,'1800');
INSERT INTO VARIABLE_ATTRIBUTE VALUES(69,69,0,1,0,0,'60');
INSERT INTO VARIABLE_ATTRIBUTE VALUES(70,70,2,1,0,0,'10');
INSERT INTO VARIABLE_ATTRIBUTE VALUES(71,71,2,1,0,0,'5');
INSERT INTO VARIABLE_ATTRIBUTE VALUES(72,72,2,1,0,0,'1');
INSERT INTO VARIABLE_ATTRIBUTE VALUES(73,73,2,1,0,0,'3');
INSERT INTO VARIABLE_ATTRIBUTE VALUES(74,74,2,1,0,0,'60');
INSERT INTO VARIABLE_ATTRIBUTE VALUES(75,75,2,1,0,0,NULL);
INSERT INTO VARIABLE_ATTRIBUTE VALUES(76,76,2,1,0,0,NULL);
INSERT INTO VARIABLE_ATTRIBUTE VALUES(77,77,2,1,0,0,'3');
INSERT INTO VARIABLE_ATTRIBUTE VALUES(78,78,2,1,0,0,'2');
INSERT INTO VARIABLE_ATTRIBUTE VALUES(79,79,2,1,0,0,'2');
INSERT INTO VARIABLE_ATTRIBUTE VALUES(80,80,2,1,0,0,'1');
INSERT INTO VARIABLE_ATTRIBUTE VALUES(81,81,2,1,0,0,'1');
INSERT INTO VARIABLE_ATTRIBUTE VALUES(82,82,2,1,0,0,'30');
INSERT INTO VARIABLE_ATTRIBUTE VALUES(83,83,0,1,0,0,NULL);
INSERT INTO VARIABLE_ATTRIBUTE VALUES(84,84,2,1,0,0,'true');
INSERT INTO VARIABLE_ATTRIBUTE VALUES(85,85,0,1,0,0,'true');
INSERT INTO VARIABLE_ATTRIBUTE VALUES(86,86,2,1,0,0,'900');
INSERT INTO VARIABLE_ATTRIBUTE VALUES(87,87,2,1,0,0,'Energy.Active.Import.Register,Voltage,Frequency');
INSERT INTO VARIABLE_ATTRIBUTE VALUES(88,88,2,1,0,0,'false');
INSERT INTO VARIABLE_ATTRIBUTE VALUES(89,89,2,1,0,0,'false');
INSERT INTO VARIABLE_ATTRIBUTE VALUES(90,90,2,1,0,0,'60');
INSERT INTO VARIABLE_ATTRIBUTE VALUES(91,91,2,1,0,0,'Energy.Active.Import.Register,Voltage');
INSERT INTO VARIABLE_ATTRIBUTE VALUES(92,92,0,1,0,0,'true');
INSERT INTO VARIABLE_ATTRIBUTE VALUES(93,93,0,1,0,0,'42');
INSERT INTO VARIABLE_ATTRIBUTE VALUES(94,94,2,1,0,0,'true');
INSERT INTO VARIABLE_ATTRIBUTE VALUES(95,95,0,1,0,0,'42');
INSERT INTO VARIABLE_ATTRIBUTE VALUES(96,96,0,1,0,0,'42');
INSERT INTO VARIABLE_ATTRIBUTE VALUES(97,97,0,1,0,0,NULL);
INSERT INTO VARIABLE_ATTRIBUTE VALUES(98,98,2,1,0,0,NULL);
INSERT INTO VARIABLE_ATTRIBUTE VALUES(99,99,0,1,0,0,NULL);
INSERT INTO VARIABLE_ATTRIBUTE VALUES(100,100,0,1,0,0,NULL);
INSERT INTO VARIABLE_ATTRIBUTE VALUES(101,101,2,1,0,0,'');
INSERT INTO VARIABLE_ATTRIBUTE VALUES(102,102,2,1,0,0,NULL);
INSERT INTO VARIABLE_ATTRIBUTE VALUES(103,103,2,1,0,0,NULL);
INSERT INTO VARIABLE_ATTRIBUTE VALUES(104,104,2,1,0,0,'');
INSERT INTO VARIABLE_ATTRIBUTE VALUES(105,105,2,1,0,0,'');
INSERT INTO VARIABLE_ATTRIBUTE VALUES(106,106,0,1,0,0,NULL);
INSERT INTO VARIABLE_ATTRIBUTE VALUES(107,107,0,1,0,0,'42');
INSERT INTO VARIABLE_ATTRIBUTE VALUES(108,108,2,1,0,0,'true');
INSERT INTO VARIABLE_ATTRIBUTE VALUES(109,109,NULL,1,0,0,NULL);
INSERT INTO VARIABLE_ATTRIBUTE VALUES(110,110,0,1,0,0,'');
INSERT INTO VARIABLE_ATTRIBUTE VALUES(111,111,0,1,0,0,'');
INSERT INTO VARIABLE_ATTRIBUTE VALUES(112,112,2,1,0,0,'true');
INSERT INTO VARIABLE_ATTRIBUTE VALUES(113,113,NULL,1,0,0,NULL);
INSERT INTO VARIABLE_ATTRIBUTE VALUES(114,114,2,1,0,0,'120');
INSERT INTO VARIABLE_ATTRIBUTE VALUES(115,115,2,1,0,0,'1000');
INSERT INTO VARIABLE_ATTRIBUTE VALUES(116,116,0,1,0,0,'1');
INSERT INTO VARIABLE_ATTRIBUTE VALUES(117,117,2,1,0,0,'1');
INSERT INTO VARIABLE_ATTRIBUTE VALUES(118,118,2,1,0,0,NULL);
INSERT INTO VARIABLE_ATTRIBUTE VALUES(119,119,0,1,0,0,'PowerPathClosed');
INSERT INTO VARIABLE_ATTRIBUTE VALUES(120,120,0,1,0,0,'EVConnected,Authorized');
INSERT INTO VARIABLE_ATTRIBUTE VALUES(121,121,2,1,0,0,NULL);
INSERT INTO VARIABLE_ATTRIBUTE VALUES(122,122,0,1,0,0,'');
INSERT INTO VARIABLE_ATTRIBUTE VALUES(123,123,2,1,0,0,'RST');
INSERT INTO VARIABLE_ATTRIBUTE VALUES(124,124,0,1,0,0,'true');
INSERT INTO VARIABLE_ATTRIBUTE VALUES(125,125,NULL,1,0,0,NULL);
INSERT INTO VARIABLE_ATTRIBUTE VALUES(126,126,0,1,0,0,'42');
INSERT INTO VARIABLE_ATTRIBUTE VALUES(127,127,NULL,1,0,0,NULL);
INSERT INTO VARIABLE_ATTRIBUTE VALUES(128,128,2,1,0,0,'false');
INSERT INTO VARIABLE_ATTRIBUTE VALUES(129,129,2,1,0,0,'true');
INSERT INTO VARIABLE_ATTRIBUTE VALUES(130,130,0,1,0,0,NULL);
INSERT INTO VARIABLE_ATTRIBUTE VALUES(131,131,2,1,0,0,'1');
INSERT INTO VARIABLE_ATTRIBUTE VALUES(132,132,2,1,0,0,'1');
INSERT INTO VARIABLE_ATTRIBUTE VALUES(133,133,2,1,0,0,'1');
INSERT INTO VARIABLE_ATTRIBUTE VALUES(134,134,2,1,0,0,'123');
INSERT INTO VARIABLE_ATTRIBUTE VALUES(135,135,2,1,0,0,'true');
INSERT INTO VARIABLE_ATTRIBUTE VALUES(136,136,2,1,0,0,NULL);
INSERT INTO VARIABLE_ATTRIBUTE VALUES(137,137,2,1,0,0,'true');
INSERT INTO VARIABLE_ATTRIBUTE VALUES(138,138,2,1,0,0,NULL);
INSERT INTO VARIABLE_ATTRIBUTE VALUES(139,139,2,1,0,0,'true');
INSERT INTO VARIABLE_ATTRIBUTE VALUES(140,140,2,1,0,0,NULL);
INSERT INTO VARIABLE_ATTRIBUTE VALUES(141,141,NULL,1,0,0,NULL);
INSERT INTO VARIABLE_ATTRIBUTE VALUES(142,142,NULL,1,0,0,NULL);
INSERT INTO VARIABLE_ATTRIBUTE VALUES(143,143,2,1,0,0,NULL);
INSERT INTO VARIABLE_ATTRIBUTE VALUES(144,144,2,1,0,0,NULL);
INSERT INTO VARIABLE_ATTRIBUTE VALUES(145,145,2,1,0,0,NULL);
INSERT INTO VARIABLE_ATTRIBUTE VALUES(146,146,2,1,0,0,NULL);
INSERT INTO VARIABLE_ATTRIBUTE VALUES(147,147,2,1,0,0,NULL);
INSERT INTO VARIABLE_ATTRIBUTE VALUES(148,148,2,1,0,0,NULL);
INSERT INTO VARIABLE_ATTRIBUTE VALUES(149,149,0,1,0,0,'true');
INSERT INTO VARIABLE_ATTRIBUTE VALUES(150,150,2,1,0,0,'true');
INSERT INTO VARIABLE_ATTRIBUTE VALUES(151,151,2,1,0,0,NULL);
INSERT INTO VARIABLE_ATTRIBUTE VALUES(152,152,2,1,0,0,'60');
INSERT INTO VARIABLE_ATTRIBUTE VALUES(153,153,2,1,0,0,'Energy.Active.Import.Register,Current.Import');
INSERT INTO VARIABLE_ATTRIBUTE VALUES(154,154,2,1,0,0,'Energy.Active.Import.Register,Current.Import');
INSERT INTO VARIABLE_ATTRIBUTE VALUES(155,155,2,1,0,0,'120');
INSERT INTO VARIABLE_ATTRIBUTE VALUES(156,156,2,1,0,0,'Energy.Active.Import.Register,Current.Import,Voltage,Power.Active.Import,Power.Reactive.Import,Frequency');
INSERT INTO VARIABLE_ATTRIBUTE VALUES(157,157,2,1,0,0,NULL);
INSERT INTO VARIABLE_ATTRIBUTE VALUES(158,158,2,1,0,0,NULL);
INSERT INTO VARIABLE_ATTRIBUTE VALUES(159,159,2,1,0,0,NULL);
INSERT INTO VARIABLE_ATTRIBUTE VALUES(160,160,0,1,0,0,NULL);
INSERT INTO VARIABLE_ATTRIBUTE VALUES(161,161,0,1,0,0,NULL);
INSERT INTO VARIABLE_ATTRIBUTE VALUES(162,162,2,1,0,0,'false');
INSERT INTO VARIABLE_ATTRIBUTE VALUES(163,163,0,1,0,0,'42');
INSERT INTO VARIABLE_ATTRIBUTE VALUES(164,164,2,1,0,0,NULL);
INSERT INTO VARIABLE_ATTRIBUTE VALUES(165,165,2,1,0,0,'42');
INSERT INTO VARIABLE_ATTRIBUTE VALUES(166,166,2,1,0,0,NULL);
INSERT INTO VARIABLE_ATTRIBUTE VALUES(167,167,0,1,0,0,'42');
INSERT INTO VARIABLE_ATTRIBUTE VALUES(168,168,0,1,0,0,NULL);
INSERT INTO VARIABLE_ATTRIBUTE VALUES(169,169,0,1,0,0,'42');
INSERT INTO VARIABLE_ATTRIBUTE VALUES(170,170,0,1,0,0,'');
INSERT INTO VARIABLE_ATTRIBUTE VALUES(171,171,2,1,0,0,'false');
INSERT INTO VARIABLE_ATTRIBUTE VALUES(172,172,2,1,0,0,'FFFF00');
INSERT INTO VARIABLE_ATTRIBUTE VALUES(173,173,2,1,0,0,'true');
INSERT INTO VARIABLE_ATTRIBUTE VALUES(174,174,0,1,0,0,'false');
INSERT INTO VARIABLE_ATTRIBUTE VALUES(175,175,1,1,0,0,'DEADBEEFDEADBEEF');
INSERT INTO VARIABLE_ATTRIBUTE VALUES(176,176,0,1,0,0,'42');
INSERT INTO VARIABLE_ATTRIBUTE VALUES(177,177,2,1,0,0,'3');
INSERT INTO VARIABLE_ATTRIBUTE VALUES(178,178,2,1,0,0,'30');
INSERT INTO VARIABLE_ATTRIBUTE VALUES(179,179,0,1,0,0,'cp001');
INSERT INTO VARIABLE_ATTRIBUTE VALUES(180,180,0,1,0,0,NULL);
INSERT INTO VARIABLE_ATTRIBUTE VALUES(181,181,2,1,0,0,'Pionix');
INSERT INTO VARIABLE_ATTRIBUTE VALUES(182,182,0,1,0,0,'1');
INSERT INTO VARIABLE_ATTRIBUTE VALUES(183,183,2,1,0,0,'true');
INSERT INTO VARIABLE_ATTRIBUTE VALUES(184,184,0,1,0,0,'');
INSERT INTO VARIABLE_ATTRIBUTE VALUES(185,185,2,1,0,0,NULL);
INSERT INTO VARIABLE_ATTRIBUTE VALUES(186,186,2,1,0,0,NULL);
INSERT INTO VARIABLE_ATTRIBUTE VALUES(187,187,2,1,0,0,NULL);
INSERT INTO VARIABLE_ATTRIBUTE VALUES(188,188,2,1,0,0,NULL);
INSERT INTO VARIABLE_ATTRIBUTE VALUES(189,189,2,1,0,0,NULL);
INSERT INTO VARIABLE_ATTRIBUTE VALUES(190,190,2,1,0,0,NULL);
INSERT INTO VARIABLE_ATTRIBUTE VALUES(191,191,2,1,0,0,'Heartbeat');
INSERT INTO VARIABLE_ATTRIBUTE VALUES(192,192,2,1,0,0,NULL);
INSERT INTO VARIABLE_ATTRIBUTE VALUES(193,193,NULL,1,0,0,NULL);
INSERT INTO VARIABLE_ATTRIBUTE VALUES(194,194,0,1,0,0,'true');
INSERT INTO VARIABLE_ATTRIBUTE VALUES(195,195,NULL,1,0,0,NULL);
INSERT INTO VARIABLE_ATTRIBUTE VALUES(196,196,0,1,0,0,'');
INSERT INTO VARIABLE_ATTRIBUTE VALUES(197,197,0,1,0,0,'42');
INSERT INTO VARIABLE_ATTRIBUTE VALUES(198,198,0,1,0,0,NULL);
INSERT INTO VARIABLE_ATTRIBUTE VALUES(199,199,0,1,0,0,'Unavailable');
INSERT INTO VARIABLE_ATTRIBUTE VALUES(200,200,0,1,0,0,'true');
INSERT INTO VARIABLE_ATTRIBUTE VALUES(201,201,NULL,1,0,0,NULL);
INSERT INTO VARIABLE_ATTRIBUTE VALUES(202,202,0,1,0,0,'42');
INSERT INTO VARIABLE_ATTRIBUTE VALUES(203,203,0,1,0,0,'42');
INSERT INTO VARIABLE_ATTRIBUTE VALUES(204,204,2,1,0,0,NULL);
INSERT INTO VARIABLE_ATTRIBUTE VALUES(205,205,0,1,0,0,NULL);
INSERT INTO VARIABLE_ATTRIBUTE VALUES(206,206,0,1,0,0,'Unavailable');
INSERT INTO VARIABLE_ATTRIBUTE VALUES(207,207,0,1,0,0,'true');
INSERT INTO VARIABLE_ATTRIBUTE VALUES(208,208,NULL,1,0,0,NULL);
INSERT INTO VARIABLE_ATTRIBUTE VALUES(209,209,0,1,0,0,'42');
INSERT INTO VARIABLE_ATTRIBUTE VALUES(210,210,0,1,0,0,'42');
INSERT INTO VARIABLE_ATTRIBUTE VALUES(211,211,2,1,0,0,NULL);
INSERT INTO VARIABLE_ATTRIBUTE VALUES(212,212,NULL,1,0,0,NULL);
INSERT INTO VARIABLE_ATTRIBUTE VALUES(213,213,0,1,0,0,'true');
INSERT INTO VARIABLE_ATTRIBUTE VALUES(214,214,NULL,1,0,0,NULL);
INSERT INTO VARIABLE_ATTRIBUTE VALUES(215,215,0,1,0,0,'');
INSERT INTO VARIABLE_ATTRIBUTE VALUES(216,216,0,1,0,0,'42');
CREATE TABLE VARIABLE_CHARACTERISTICS (
  ID INTEGER PRIMARY KEY AUTOINCREMENT,
  DATATYPE_ID INTEGER,
  MAX_LIMIT REAL,
  MIN_LIMIT REAL,
  SUPPORTS_MONITORING INTEGER,
  UNIT TEXT,
  VALUES_LIST TEXT,
  FOREIGN KEY (DATATYPE_ID) REFERENCES DATATYPE (ID)
);
INSERT INTO VARIABLE_CHARACTERISTICS VALUES(1,4,NULL,NULL,1,NULL,NULL);
INSERT INTO VARIABLE_CHARACTERISTICS VALUES(2,4,NULL,NULL,1,NULL,NULL);
INSERT INTO VARIABLE_CHARACTERISTICS VALUES(3,4,NULL,NULL,1,NULL,NULL);
INSERT INTO VARIABLE_CHARACTERISTICS VALUES(4,4,NULL,NULL,1,NULL,NULL);
INSERT INTO VARIABLE_CHARACTERISTICS VALUES(5,4,NULL,NULL,1,NULL,NULL);
INSERT INTO VARIABLE_CHARACTERISTICS VALUES(6,2,NULL,NULL,1,NULL,NULL);
INSERT INTO VARIABLE_CHARACTERISTICS VALUES(7,5,NULL,NULL,1,NULL,'LRU,LFU,FIFO,CUSTOM');
INSERT INTO VARIABLE_CHARACTERISTICS VALUES(8,2,NULL,NULL,1,'B',NULL);
INSERT INTO VARIABLE_CHARACTERISTICS VALUES(9,4,NULL,NULL,1,NULL,NULL);
INSERT INTO VARIABLE_CHARACTERISTICS VALUES(10,4,NULL,NULL,1,NULL,NULL);
INSERT INTO VARIABLE_CHARACTERISTICS VALUES(11,2,NULL,NULL,1,NULL,NULL);
INSERT INTO VARIABLE_CHARACTERISTICS VALUES(12,2,NULL,NULL,1,NULL,NULL);
INSERT INTO VARIABLE_CHARACTERISTICS VALUES(13,2,NULL,NULL,1,NULL,NULL);
INSERT INTO VARIABLE_CHARACTERISTICS VALUES(14,2,NULL,NULL,1,NULL,NULL);
INSERT INTO VARIABLE_CHARACTERISTICS VALUES(15,2,NULL,NULL,1,NULL,NULL);
INSERT INTO VARIABLE_CHARACTERISTICS VALUES(16,2,NULL,NULL,1,NULL,NULL);
INSERT INTO VARIABLE_CHARACTERISTICS VALUES(17,2,NULL,NULL,1,NULL,NULL);
INSERT INTO VARIABLE_CHARACTERISTICS VALUES(18,2,NULL,NULL,1,NULL,NULL);
INSERT INTO VARIABLE_CHARACTERISTICS VALUES(19,2,NULL,NULL,1,NULL,NULL);
INSERT INTO VARIABLE_CHARACTERISTICS VALUES(20,4,NULL,NULL,1,NULL,NULL);
INSERT INTO VARIABLE_CHARACTERISTICS VALUES(21,0,NULL,NULL,1,NULL,NULL);
INSERT INTO VARIABLE_CHARACTERISTICS VALUES(22,0,NULL,NULL,1,NULL,NULL);
INSERT INTO VARIABLE_CHARACTERISTICS VALUES(23,0,NULL,NULL,1,NULL,NULL);
INSERT INTO VARIABLE_CHARACTERISTICS VALUES(24,0,NULL,NULL,1,NULL,NULL);
INSERT INTO VARIABLE_CHARACTERISTICS VALUES(25,0,NULL,NULL,1,NULL,NULL);
INSERT INTO VARIABLE_CHARACTERISTICS VALUES(26,0,NULL,NULL,1,NULL,NULL);
INSERT INTO VARIABLE_CHARACTERISTICS VALUES(27,0,NULL,NULL,1,NULL,NULL);
INSERT INTO VARIABLE_CHARACTERISTICS VALUES(28,0,NULL,NULL,1,NULL,NULL);
INSERT INTO VARIABLE_CHARACTERISTICS VALUES(29,0,NULL,NULL,1,NULL,NULL);
INSERT INTO VARIABLE_CHARACTERISTICS VALUES(30,0,NULL,NULL,1,NULL,NULL);
INSERT INTO VARIABLE_CHARACTERISTICS VALUES(31,0,NULL,NULL,1,NULL,NULL);
INSERT INTO VARIABLE_CHARACTERISTICS VALUES(32,7,NULL,NULL,1,NULL,'ECDHE-ECDSA-AES128-GCM-SHA256:ECDHE-ECDSA-AES256-GCM-SHA384:AES128-GCM-SHA256:AES256-GCM-SHA384');
INSERT INTO VARIABLE_CHARACTERISTICS VALUES(33,7,NULL,NULL,1,NULL,'TLS_AES_256_GCM_SHA384:TLS_AES_128_GCM_SHA256');
INSERT INTO VARIABLE_CHARACTERISTICS VALUES(34,4,NULL,NULL,1,NULL,NULL);
INSERT INTO VARIABLE_CHARACTERISTICS VALUES(35,4,NULL,NULL,1,NULL,NULL);
INSERT INTO VARIABLE_CHARACTERISTICS VALUES(36,7,NULL,NULL,1,NULL,'log,html,console,console_detailed,security');
INSERT INTO VARIABLE_CHARACTERISTICS VALUES(37,7,NULL,NULL,1,NULL,'ChargePointMaxProfile,TxDefaultProfile,TxProfile');
INSERT INTO VARIABLE_CHARACTERISTICS VALUES(38,2,NULL,NULL,1,NULL,NULL);
INSERT INTO VARIABLE_CHARACTERISTICS VALUES(39,2,128.0,1.0,1,NULL,NULL);
INSERT INTO VARIABLE_CHARACTERISTICS VALUES(40,4,NULL,NULL,1,NULL,NULL);
INSERT INTO VARIABLE_CHARACTERISTICS VALUES(41,2,NULL,86400.0,1,NULL,NULL);
INSERT INTO VARIABLE_CHARACTERISTICS VALUES(42,0,NULL,NULL,1,NULL,NULL);
INSERT INTO VARIABLE_CHARACTERISTICS VALUES(43,2,NULL,NULL,1,NULL,NULL);
INSERT INTO VARIABLE_CHARACTERISTICS VALUES(44,2,NULL,512.0,1,NULL,NULL);
INSERT INTO VARIABLE_CHARACTERISTICS VALUES(45,2,NULL,NULL,1,NULL,NULL);
INSERT INTO VARIABLE_CHARACTERISTICS VALUES(46,2,NULL,NULL,1,NULL,NULL);
INSERT INTO VARIABLE_CHARACTERISTICS VALUES(47,2,NULL,NULL,1,NULL,NULL);
INSERT INTO VARIABLE_CHARACTERISTICS VALUES(48,2,NULL,NULL,1,NULL,NULL);
INSERT INTO VARIABLE_CHARACTERISTICS VALUES(49,4,NULL,NULL,0,NULL,NULL);
INSERT INTO VARIABLE_CHARACTERISTICS VALUES(50,2,NULL,1.0,1,NULL,NULL);
INSERT INTO VARIABLE_CHARACTERISTICS VALUES(51,2,NULL,1.0,1,NULL,NULL);
INSERT INTO VARIABLE_CHARACTERISTICS VALUES(52,7,NULL,NULL,1,NULL,'Enabled,Active,Problem,Available');
INSERT INTO VARIABLE_CHARACTERISTICS VALUES(53,4,NULL,NULL,0,NULL,NULL);
INSERT INTO VARIABLE_CHARACTERISTICS VALUES(54,4,NULL,NULL,1,NULL,NULL);
INSERT INTO VARIABLE_CHARACTERISTICS VALUES(55,2,NULL,NULL,1,NULL,NULL);
INSERT INTO VARIABLE_CHARACTERISTICS VALUES(56,2,NULL,NULL,1,NULL,NULL);
INSERT INTO VARIABLE_CHARACTERISTICS VALUES(57,4,NULL,NULL,1,NULL,NULL);
INSERT INTO VARIABLE_CHARACTERISTICS VALUES(58,2,NULL,NULL,1,NULL,NULL);
INSERT INTO VARIABLE_CHARACTERISTICS VALUES(59,2,NULL,NULL,1,NULL,NULL);
INSERT INTO VARIABLE_CHARACTERISTICS VALUES(60,2,NULL,NULL,1,NULL,NULL);
INSERT INTO VARIABLE_CHARACTERISTICS VALUES(61,5,NULL,NULL,1,NULL,'All,FactoryDefault,HardwiredOnly');
INSERT INTO VARIABLE_CHARACTERISTICS VALUES(62,2,NULL,NULL,1,NULL,NULL);
INSERT INTO VARIABLE_CHARACTERISTICS VALUES(63,5,NULL,NULL,1,NULL,'All,FactoryDefault,HardwiredOnly');
INSERT INTO VARIABLE_CHARACTERISTICS VALUES(64,2,NULL,NULL,1,NULL,NULL);
INSERT INTO VARIABLE_CHARACTERISTICS VALUES(65,4,NULL,NULL,1,NULL,NULL);
INSERT INTO VARIABLE_CHARACTERISTICS VALUES(66,0,NULL,NULL,1,NULL,NULL);
INSERT INTO VARIABLE_CHARACTERISTICS VALUES(67,7,NULL,NULL,1,NULL,'FTP,FTPS,HTTP,HTTPS,SFTP');
INSERT INTO VARIABLE_CHARACTERISTICS VALUES(68,2,NULL,NULL,1,'s',NULL);
INSERT INTO VARIABLE_CHARACTERISTICS VALUES(69,2,NULL,NULL,1,'s',NULL);
INSERT INTO VARIABLE_CHARACTERISTICS VALUES(70,2,NULL,NULL,1,'s',NULL);
INSERT INTO VARIABLE_CHARACTERISTICS VALUES(71,2,NULL,NULL,1,NULL,NULL);
INSERT INTO VARIABLE_CHARACTERISTICS VALUES(72,6,NULL,NULL,1,NULL,'1,2');
INSERT INTO VARIABLE_CHARACTERISTICS VALUES(73,2,NULL,NULL,1,NULL,NULL);
INSERT INTO VARIABLE_CHARACTERISTICS VALUES(74,2,NULL,NULL,1,'s',NULL);
INSERT INTO VARIABLE_CHARACTERISTICS VALUES(75,5,NULL,NULL,1,NULL,'Never,OncePerTransaction,EveryMeterValue');
INSERT INTO VARIABLE_CHARACTERISTICS VALUES(76,4,NULL,NULL,1,NULL,NULL);
INSERT INTO VARIABLE_CHARACTERISTICS VALUES(77,2,NULL,NULL,1,NULL,NULL);
INSERT INTO VARIABLE_CHARACTERISTICS VALUES(78,2,NULL,NULL,1,NULL,NULL);
INSERT INTO VARIABLE_CHARACTERISTICS VALUES(79,2,NULL,NULL,1,NULL,NULL);
INSERT INTO VARIABLE_CHARACTERISTICS VALUES(80,2,NULL,NULL,1,NULL,NULL);
INSERT INTO VARIABLE_CHARACTERISTICS VALUES(81,4,NULL,NULL,1,NULL,NULL);
INSERT INTO VARIABLE_CHARACTERISTICS VALUES(82,2,NULL,NULL,1,'s',NULL);
INSERT INTO VARIABLE_CHARACTERISTICS VALUES(83,2,NULL,NULL,1,NULL,NULL);
INSERT INTO VARIABLE_CHARACTERISTICS VALUES(84,4,NULL,NULL,1,NULL,NULL);
INSERT INTO VARIABLE_CHARACTERISTICS VALUES(85,4,NULL,NULL,1,NULL,NULL);
INSERT INTO VARIABLE_CHARACTERISTICS VALUES(86,2,NULL,NULL,1,'s',NULL);
INSERT INTO VARIABLE_CHARACTERISTICS VALUES(87,7,NULL,NULL,1,NULL,'Current.Export,Current.Import,Current.Offered,Energy.Active.Export.Register,Energy.Active.Import.Register,Energy.Reactive.Export.Register,Energy.Reactive.Import.Register,Energy.Active.Export.Interval,Energy.Active.Import.Interval,Energy.Reactive.Export.Interval,Energy.Reactive.Import.Interval,Frequency,Power.Active.Export,Power.Active.Import,Power.Factor,Power.Offered,Power.Reactive.Export,Power.Reactive.Import,Voltage');
INSERT INTO VARIABLE_CHARACTERISTICS VALUES(88,4,NULL,NULL,1,NULL,NULL);
INSERT INTO VARIABLE_CHARACTERISTICS VALUES(89,4,NULL,NULL,1,NULL,NULL);
INSERT INTO VARIABLE_CHARACTERISTICS VALUES(90,2,NULL,NULL,1,'s',NULL);
INSERT INTO VARIABLE_CHARACTERISTICS VALUES(91,7,NULL,NULL,1,NULL,'Current.Export,Current.Import,Current.Offered,Energy.Active.Export.Register,Energy.Active.Import.Register,Energy.Reactive.Export.Register,Energy.Reactive.Import.Register,Energy.Active.Export.Interval,Energy.Active.Import.Interval,Energy.Reactive.Export.Interval,Energy.Reactive.Import.Interval,Frequency,Power.Active.Export,Power.Active.Import,Power.Factor,Power.Offered,Power.Reactive.Export,Power.Reactive.Import,Voltage');
INSERT INTO VARIABLE_CHARACTERISTICS VALUES(92,4,NULL,NULL,1,NULL,NULL);
INSERT INTO VARIABLE_CHARACTERISTICS VALUES(93,2,NULL,NULL,1,NULL,NULL);
INSERT INTO VARIABLE_CHARACTERISTICS VALUES(94,4,NULL,NULL,1,NULL,NULL);
INSERT INTO VARIABLE_CHARACTERISTICS VALUES(95,2,NULL,NULL,1,NULL,NULL);
INSERT INTO VARIABLE_CHARACTERISTICS VALUES(96,2,NULL,NULL,1,NULL,NULL);
INSERT INTO VARIABLE_CHARACTERISTICS VALUES(97,2,NULL,NULL,1,'B',NULL);
INSERT INTO VARIABLE_CHARACTERISTICS VALUES(98,4,NULL,NULL,1,NULL,NULL);
INSERT INTO VARIABLE_CHARACTERISTICS VALUES(99,4,NULL,NULL,1,NULL,NULL);
INSERT INTO VARIABLE_CHARACTERISTICS VALUES(100,4,NULL,NULL,1,NULL,NULL);
INSERT INTO VARIABLE_CHARACTERISTICS VALUES(101,0,NULL,NULL,1,NULL,NULL);
INSERT INTO VARIABLE_CHARACTERISTICS VALUES(102,4,NULL,NULL,1,NULL,NULL);
INSERT INTO VARIABLE_CHARACTERISTICS VALUES(103,4,NULL,NULL,1,NULL,NULL);
INSERT INTO VARIABLE_CHARACTERISTICS VALUES(104,0,NULL,NULL,1,NULL,NULL);
INSERT INTO VARIABLE_CHARACTERISTICS VALUES(105,0,NULL,NULL,1,NULL,NULL);
INSERT INTO VARIABLE_CHARACTERISTICS VALUES(106,4,NULL,NULL,1,NULL,NULL);
INSERT INTO VARIABLE_CHARACTERISTICS VALUES(107,2,NULL,NULL,1,NULL,NULL);
INSERT INTO VARIABLE_CHARACTERISTICS VALUES(108,4,NULL,NULL,1,NULL,NULL);
INSERT INTO VARIABLE_CHARACTERISTICS VALUES(109,2,NULL,NULL,1,NULL,NULL);
INSERT INTO VARIABLE_CHARACTERISTICS VALUES(110,7,NULL,NULL,1,NULL,'ASCII,HTML,URI,UTF8');
INSERT INTO VARIABLE_CHARACTERISTICS VALUES(111,7,NULL,NULL,1,NULL,'AlwaysFront,InFront,NormalCycle');
INSERT INTO VARIABLE_CHARACTERISTICS VALUES(112,4,NULL,NULL,1,NULL,NULL);
INSERT INTO VARIABLE_CHARACTERISTICS VALUES(113,1,NULL,NULL,1,'s',NULL);
INSERT INTO VARIABLE_CHARACTERISTICS VALUES(114,2,NULL,NULL,1,'s',NULL);
INSERT INTO VARIABLE_CHARACTERISTICS VALUES(115,2,NULL,NULL,1,NULL,NULL);
INSERT INTO VARIABLE_CHARACTERISTICS VALUES(116,4,NULL,NULL,1,NULL,NULL);
INSERT INTO VARIABLE_CHARACTERISTICS VALUES(117,4,NULL,NULL,1,NULL,NULL);
INSERT INTO VARIABLE_CHARACTERISTICS VALUES(118,4,NULL,NULL,1,NULL,NULL);
INSERT INTO VARIABLE_CHARACTERISTICS VALUES(119,7,NULL,NULL,1,NULL,'ParkingBayOccupancy,EVConnected,Authorized,PowerPathClosed,EnergyTransfer,DataSigned');
INSERT INTO VARIABLE_CHARACTERISTICS VALUES(120,7,NULL,NULL,1,NULL,'ParkingBayOccupancy,EVConnected,Authorized,PowerPathClosed,EnergyTransfer');
INSERT INTO VARIABLE_CHARACTERISTICS VALUES(121,4,NULL,NULL,1,NULL,NULL);
INSERT INTO VARIABLE_CHARACTERISTICS VALUES(122,5,NULL,NULL,1,NULL,'Available,Occupied,Reserved,Unavailable,Faulted');
INSERT INTO VARIABLE_CHARACTERISTICS VALUES(123,0,NULL,NULL,1,NULL,NULL);
INSERT INTO VARIABLE_CHARACTERISTICS VALUES(124,4,NULL,NULL,1,NULL,NULL);
INSERT INTO VARIABLE_CHARACTERISTICS VALUES(125,0,NULL,NULL,1,NULL,NULL);
INSERT INTO VARIABLE_CHARACTERISTICS VALUES(126,2,NULL,NULL,1,NULL,NULL);
INSERT INTO VARIABLE_CHARACTERISTICS VALUES(127,0,NULL,NULL,1,NULL,NULL);
INSERT INTO VARIABLE_CHARACTERISTICS VALUES(128,4,NULL,NULL,1,NULL,NULL);
INSERT INTO VARIABLE_CHARACTERISTICS VALUES(129,4,NULL,NULL,1,NULL,NULL);
INSERT INTO VARIABLE_CHARACTERISTICS VALUES(130,2,NULL,NULL,1,NULL,NULL);
INSERT INTO VARIABLE_CHARACTERISTICS VALUES(131,4,NULL,NULL,1,NULL,NULL);
INSERT INTO VARIABLE_CHARACTERISTICS VALUES(132,4,NULL,NULL,1,NULL,NULL);
INSERT INTO VARIABLE_CHARACTERISTICS VALUES(133,4,NULL,NULL,1,NULL,NULL);
INSERT INTO VARIABLE_CHARACTERISTICS VALUES(134,0,NULL,NULL,1,NULL,NULL);
INSERT INTO VARIABLE_CHARACTERISTICS VALUES(135,4,NULL,NULL,1,NULL,NULL);
INSERT INTO VARIABLE_CHARACTERISTICS VALUES(136,4,NULL,NULL,1,NULL,NULL);
INSERT INTO VARIABLE_CHARACTERISTICS VALUES(137,4,NULL,NULL,1,NULL,NULL);
INSERT INTO VARIABLE_CHARACTERISTICS VALUES(138,4,NULL,NULL,1,NULL,NULL);
INSERT INTO VARIABLE_CHARACTERISTICS VALUES(139,4,NULL,NULL,1,NULL,NULL);
INSERT INTO VARIABLE_CHARACTERISTICS VALUES(140,0,NULL,NULL,1,NULL,NULL);
INSERT INTO VARIABLE_CHARACTERISTICS VALUES(141,2,NULL,NULL,1,NULL,NULL);
INSERT INTO VARIABLE_CHARACTERISTICS VALUES(142,5,NULL,NULL,1,NULL,'DC,AC_single_phase,AC_two_phase,AC_three_phase');
INSERT INTO VARIABLE_CHARACTERISTICS VALUES(143,4,NULL,NULL,1,NULL,NULL);
INSERT INTO VARIABLE_CHARACTERISTICS VALUES(144,0,NULL,NULL,1,NULL,NULL);
INSERT INTO VARIABLE_CHARACTERISTICS VALUES(145,0,NULL,NULL,1,NULL,NULL);
INSERT INTO VARIABLE_CHARACTERISTICS VALUES(146,4,NULL,NULL,1,NULL,NULL);
INSERT INTO VARIABLE_CHARACTERISTICS VALUES(147,4,NULL,NULL,1,NULL,NULL);
INSERT INTO VARIABLE_CHARACTERISTICS VALUES(148,4,NULL,NULL,1,NULL,NULL);
INSERT INTO VARIABLE_CHARACTERISTICS VALUES(149,4,NULL,NULL,1,NULL,NULL);
INSERT INTO VARIABLE_CHARACTERISTICS VALUES(150,4,NULL,NULL,1,NULL,NULL);
INSERT INTO VARIABLE_CHARACTERISTICS VALUES(151,4,NULL,NULL,1,NULL,NULL);
INSERT INTO VARIABLE_CHARACTERISTICS VALUES(152,2,NULL,NULL,1,'s',NULL);
INSERT INTO VARIABLE_CHARACTERISTICS VALUES(153,7,NULL,NULL,1,NULL,'Current.Export,Current.Import,Current.Offered,Energy.Active.Export.Register,Energy.Active.Import.Register,Energy.Reactive.Export.Register,Energy.Reactive.Import.Register,Energy.Active.Export.Interval,Energy.Active.Import.Interval,Energy.Reactive.Export.Interval,Energy.Reactive.Import.Interval,Frequency,Power.Active.Export,Power.Active.Import,Power.Factor,Power.Offered,Power.Reactive.Export,Power.Reactive.Import,Voltage');
INSERT INTO VARIABLE_CHARACTERISTICS VALUES(154,7,NULL,NULL,1,NULL,'Current.Export,Current.Import,Current.Offered,Energy.Active.Export.Register,Energy.Active.Import.Register,Energy.Reactive.Export.Register,Energy.Reactive.Import.Register,Energy.Active.Export.Interval,Energy.Active.Import.Interval,Energy.Reactive.Export.Interval,Energy.Reactive.Import.Interval,Frequency,Power.Active.Export,Power.Active.Import,Power.Factor,Power.Offered,Power.Reactive.Export,Power.Reactive.Import,Voltage');
INSERT INTO VARIABLE_CHARACTERISTICS VALUES(155,2,NULL,NULL,1,'s',NULL);
INSERT INTO VARIABLE_CHARACTERISTICS VALUES(156,7,NULL,NULL,1,NULL,'Current.Export,Current.Import,Current.Offered,Energy.Active.Export.Register,Energy.Active.Import.Register,Energy.Reactive.Export.Register,Energy.Reactive.Import.Register,Energy.Active.Export.Interval,Energy.Active.Import.Interval,Energy.Reactive.Export.Interval,Energy.Reactive.Import.Interval,Frequency,Power.Active.Export,Power.Active.Import,Power.Factor,Power.Offered,Power.Reactive.Export,Power.Reactive.Import,Voltage');
INSERT INTO VARIABLE_CHARACTERISTICS VALUES(157,4,NULL,NULL,1,NULL,NULL);
INSERT INTO VARIABLE_CHARACTERISTICS VALUES(158,4,NULL,NULL,1,NULL,NULL);
INSERT INTO VARIABLE_CHARACTERISTICS VALUES(159,4,NULL,NULL,1,NULL,NULL);
INSERT INTO VARIABLE_CHARACTERISTICS VALUES(160,4,NULL,NULL,1,NULL,NULL);
INSERT INTO VARIABLE_CHARACTERISTICS VALUES(161,4,NULL,NULL,1,NULL,NULL);
INSERT INTO VARIABLE_CHARACTERISTICS VALUES(162,4,NULL,NULL,1,NULL,NULL);
INSERT INTO VARIABLE_CHARACTERISTICS VALUES(163,2,NULL,NULL,1,NULL,NULL);
INSERT INTO VARIABLE_CHARACTERISTICS VALUES(164,4,NULL,NULL,1,NULL,NULL);
INSERT INTO VARIABLE_CHARACTERISTICS VALUES(165,1,NULL,NULL,1,'Percent',NULL);
INSERT INTO VARIABLE_CHARACTERISTICS VALUES(166,4,NULL,NULL,1,NULL,NULL);
INSERT INTO VARIABLE_CHARACTERISTICS VALUES(167,2,NULL,NULL,1,NULL,NULL);
INSERT INTO VARIABLE_CHARACTERISTICS VALUES(168,4,NULL,NULL,1,NULL,NULL);
INSERT INTO VARIABLE_CHARACTERISTICS VALUES(169,2,NULL,NULL,1,NULL,NULL);
INSERT INTO VARIABLE_CHARACTERISTICS VALUES(170,7,NULL,NULL,1,NULL,'A,W');
INSERT INTO VARIABLE_CHARACTERISTICS VALUES(171,4,NULL,NULL,1,NULL,NULL);
INSERT INTO VARIABLE_CHARACTERISTICS VALUES(172,0,NULL,NULL,1,NULL,NULL);
INSERT INTO VARIABLE_CHARACTERISTICS VALUES(173,4,NULL,NULL,1,NULL,NULL);
INSERT INTO VARIABLE_CHARACTERISTICS VALUES(174,4,NULL,NULL,1,NULL,NULL);
INSERT INTO VARIABLE_CHARACTERISTICS VALUES(175,0,40.0,16.0,1,NULL,NULL);
INSERT INTO VARIABLE_CHARACTERISTICS VALUES(176,2,NULL,NULL,1,NULL,NULL);
INSERT INTO VARIABLE_CHARACTERISTICS VALUES(177,2,NULL,NULL,1,NULL,NULL);
INSERT INTO VARIABLE_CHARACTERISTICS VALUES(178,2,NULL,NULL,1,'s',NULL);
INSERT INTO VARIABLE_CHARACTERISTICS VALUES(179,0,NULL,NULL,1,NULL,NULL);
INSERT INTO VARIABLE_CHARACTERISTICS VALUES(180,2,NULL,NULL,1,NULL,NULL);
INSERT INTO VARIABLE_CHARACTERISTICS VALUES(181,0,NULL,NULL,1,NULL,NULL);
INSERT INTO VARIABLE_CHARACTERISTICS VALUES(182,2,3.0,1.0,1,NULL,NULL);
INSERT INTO VARIABLE_CHARACTERISTICS VALUES(183,4,NULL,NULL,1,NULL,NULL);
INSERT INTO VARIABLE_CHARACTERISTICS VALUES(184,3,NULL,NULL,1,NULL,NULL);
INSERT INTO VARIABLE_CHARACTERISTICS VALUES(185,3,NULL,NULL,1,NULL,NULL);
INSERT INTO VARIABLE_CHARACTERISTICS VALUES(186,0,NULL,NULL,1,NULL,NULL);
INSERT INTO VARIABLE_CHARACTERISTICS VALUES(187,5,NULL,NULL,1,NULL,'DHCP,manual');
INSERT INTO VARIABLE_CHARACTERISTICS VALUES(188,2,NULL,NULL,1,NULL,NULL);
INSERT INTO VARIABLE_CHARACTERISTICS VALUES(189,0,NULL,NULL,1,NULL,NULL);
INSERT INTO VARIABLE_CHARACTERISTICS VALUES(190,0,NULL,NULL,1,NULL,NULL);
INSERT INTO VARIABLE_CHARACTERISTICS VALUES(191,6,NULL,NULL,1,NULL,'Heartbeat,NTP,GPS,RealTimeClock,MobileNetwork,RadioTimeTransmitter');
INSERT INTO VARIABLE_CHARACTERISTICS VALUES(192,0,NULL,NULL,1,NULL,NULL);
INSERT INTO VARIABLE_CHARACTERISTICS VALUES(193,5,NULL,NULL,1,NULL,'Available,Occupied,Reserved,Unavailable,Faulted');
INSERT INTO VARIABLE_CHARACTERISTICS VALUES(194,4,NULL,NULL,1,NULL,NULL);
INSERT INTO VARIABLE_CHARACTERISTICS VALUES(195,0,NULL,NULL,1,NULL,NULL);
INSERT INTO VARIABLE_CHARACTERISTICS VALUES(196,0,NULL,NULL,1,NULL,NULL);
INSERT INTO VARIABLE_CHARACTERISTICS VALUES(197,2,NULL,NULL,1,NULL,NULL);
INSERT INTO VARIABLE_CHARACTERISTICS VALUES(198,4,NULL,NULL,1,NULL,NULL);
INSERT INTO VARIABLE_CHARACTERISTICS VALUES(199,5,NULL,NULL,1,NULL,'Available,Occupied,Reserved,Unavailable,Faulted');
INSERT INTO VARIABLE_CHARACTERISTICS VALUES(200,4,NULL,NULL,1,NULL,NULL);
INSERT INTO VARIABLE_CHARACTERISTICS VALUES(201,0,NULL,NULL,1,NULL,NULL);
INSERT INTO VARIABLE_CHARACTERISTICS VALUES(202,1,150000.0,NULL,1,'W',NULL);
INSERT INTO VARIABLE_CHARACTERISTICS VALUES(203,2,NULL,NULL,1,NULL,NULL);
INSERT INTO VARIABLE_CHARACTERISTICS VALUES(204,0,NULL,NULL,1,NULL,NULL);
INSERT INTO VARIABLE_CHARACTERISTICS VALUES(205,4,NULL,NULL,1,NULL,NULL);
INSERT INTO VARIABLE_CHARACTERISTICS VALUES(206,5,NULL,NULL,1,NULL,'Available,Occupied,Reserved,Unavailable,Faulted');
INSERT INTO VARIABLE_CHARACTERISTICS VALUES(207,4,NULL,NULL,1,NULL,NULL);
INSERT INTO VARIABLE_CHARACTERISTICS VALUES(208,0,NULL,NULL,1,NULL,NULL);
INSERT INTO VARIABLE_CHARACTERISTICS VALUES(209,1,150000.0,NULL,1,'W',NULL);
INSERT INTO VARIABLE_CHARACTERISTICS VALUES(210,2,NULL,NULL,1,NULL,NULL);
INSERT INTO VARIABLE_CHARACTERISTICS VALUES(211,0,NULL,NULL,1,NULL,NULL);
INSERT INTO VARIABLE_CHARACTERISTICS VALUES(212,5,NULL,NULL,1,NULL,'Available,Occupied,Reserved,Unavailable,Faulted');
INSERT INTO VARIABLE_CHARACTERISTICS VALUES(213,4,NULL,NULL,1,NULL,NULL);
INSERT INTO VARIABLE_CHARACTERISTICS VALUES(214,0,NULL,NULL,1,NULL,NULL);
INSERT INTO VARIABLE_CHARACTERISTICS VALUES(215,0,NULL,NULL,1,NULL,NULL);
INSERT INTO VARIABLE_CHARACTERISTICS VALUES(216,2,NULL,NULL,1,NULL,NULL);
CREATE TABLE VARIABLE_MONITORING (
  ID INTEGER PRIMARY KEY AUTOINCREMENT,
  VARIABLE_ID INTEGER,
  SEVERITY INTEGER,
  "TRANSACTION" INTEGER,
  TYPE_ID INTEGER,
  "VALUE" DECIMAL,
  FOREIGN KEY (VARIABLE_ID) REFERENCES VARIABLE (ID),
  FOREIGN KEY (TYPE_ID) REFERENCES MONITOR (ID)
);
CREATE TABLE VARIABLE (
  ID INTEGER PRIMARY KEY AUTOINCREMENT,
  NAME TEXT,
  INSTANCE TEXT,
  COMPONENT_ID INTEGER,
  VARIABLE_CHARACTERISTICS_ID INTEGER,
  REQUIRED INTEGER DEFAULT FALSE,
  FOREIGN KEY (COMPONENT_ID) REFERENCES COMPONENT (ID),
  FOREIGN KEY (VARIABLE_CHARACTERISTICS_ID) REFERENCES VARIABLE_CHARACTERISTICS (ID)
);
INSERT INTO VARIABLE VALUES(1,'Available',NULL,1,1,0);
INSERT INTO VARIABLE VALUES(2,'Enabled',NULL,1,2,0);
INSERT INTO VARIABLE VALUES(3,'NonEvseSpecific',NULL,1,3,0);
INSERT INTO VARIABLE VALUES(4,'Available',NULL,2,4,0);
INSERT INTO VARIABLE VALUES(5,'Enabled',NULL,2,5,0);
INSERT INTO VARIABLE VALUES(6,'LifeTime',NULL,2,6,0);
INSERT INTO VARIABLE VALUES(7,'Policy',NULL,2,7,0);
INSERT INTO VARIABLE VALUES(8,'Storage',NULL,2,8,0);
INSERT INTO VARIABLE VALUES(9,'DisablePostAuthorize',NULL,2,9,0);
INSERT INTO VARIABLE VALUES(10,'Enabled',NULL,3,10,0);
INSERT INTO VARIABLE VALUES(11,'BytesPerMessage','GetReport',3,11,1);
INSERT INTO VARIABLE VALUES(12,'BytesPerMessage','GetVariables',3,12,1);
INSERT INTO VARIABLE VALUES(13,'BytesPerMessage','SetVariables',3,13,1);
INSERT INTO VARIABLE VALUES(14,'ConfigurationValueSize',NULL,3,14,0);
INSERT INTO VARIABLE VALUES(15,'ItemsPerMessage','GetReport',3,15,1);
INSERT INTO VARIABLE VALUES(16,'ItemsPerMessage','GetVariables',3,16,1);
INSERT INTO VARIABLE VALUES(17,'ItemsPerMessage','SetVariables',3,17,1);
INSERT INTO VARIABLE VALUES(18,'ReportingValueSize',NULL,3,18,0);
INSERT INTO VARIABLE VALUES(19,'ValueSize',NULL,3,19,0);
INSERT INTO VARIABLE VALUES(20,'Enabled',NULL,4,20,0);
INSERT INTO VARIABLE VALUES(21,'ChargePointId',NULL,4,21,1);
INSERT INTO VARIABLE VALUES(22,'NetworkConnectionProfiles',NULL,4,22,1);
INSERT INTO VARIABLE VALUES(23,'ChargeBoxSerialNumber',NULL,4,23,1);
INSERT INTO VARIABLE VALUES(24,'ChargePointModel',NULL,4,24,1);
INSERT INTO VARIABLE VALUES(25,'ChargePointSerialNumber',NULL,4,25,0);
INSERT INTO VARIABLE VALUES(26,'ChargePointVendor',NULL,4,26,1);
INSERT INTO VARIABLE VALUES(27,'FirmwareVersion',NULL,4,27,1);
INSERT INTO VARIABLE VALUES(28,'ICCID',NULL,4,28,0);
INSERT INTO VARIABLE VALUES(29,'IMSI',NULL,4,29,0);
INSERT INTO VARIABLE VALUES(30,'MeterSerialNumber',NULL,4,30,0);
INSERT INTO VARIABLE VALUES(31,'MeterType',NULL,4,31,0);
INSERT INTO VARIABLE VALUES(32,'SupportedCiphers12',NULL,4,32,1);
INSERT INTO VARIABLE VALUES(33,'SupportedCiphers13',NULL,4,33,1);
INSERT INTO VARIABLE VALUES(34,'AuthorizeConnectorZeroOnConnectorOne',NULL,4,34,0);
INSERT INTO VARIABLE VALUES(35,'LogMessages',NULL,4,35,0);
INSERT INTO VARIABLE VALUES(36,'LogMessagesFormat',NULL,4,36,1);
INSERT INTO VARIABLE VALUES(37,'SupportedChargingProfilePurposeTypes',NULL,4,37,0);
INSERT INTO VARIABLE VALUES(38,'MaxCompositeScheduleDuration',NULL,4,38,0);
INSERT INTO VARIABLE VALUES(39,'NumberOfConnectors',NULL,4,39,1);
INSERT INTO VARIABLE VALUES(40,'UseSslDefaultVerifyPaths',NULL,4,40,0);
INSERT INTO VARIABLE VALUES(41,'OcspRequestInterval',NULL,4,41,0);
INSERT INTO VARIABLE VALUES(42,'WebsocketPingPayload',NULL,4,42,0);
INSERT INTO VARIABLE VALUES(43,'WebsocketPongTimeout',NULL,4,43,0);
INSERT INTO VARIABLE VALUES(44,'MaxCustomerInformationDataLength',NULL,4,44,0);
INSERT INTO VARIABLE VALUES(45,'V2GCertificateExpireCheckInitialDelaySeconds',NULL,4,45,0);
INSERT INTO VARIABLE VALUES(46,'V2GCertificateExpireCheckIntervalSeconds',NULL,4,46,0);
INSERT INTO VARIABLE VALUES(47,'ClientCertificateExpireCheckInitialDelaySeconds',NULL,4,47,0);
INSERT INTO VARIABLE VALUES(48,'ClientCertificateExpireCheckIntervalSeconds',NULL,4,48,0);
INSERT INTO VARIABLE VALUES(49,'UpdateCertificateSymlinks',NULL,4,49,0);
INSERT INTO VARIABLE VALUES(50,'MessageQueueSizeThreshold',NULL,4,50,0);
INSERT INTO VARIABLE VALUES(51,'MaxMessageSize',NULL,4,51,0);
INSERT INTO VARIABLE VALUES(52,'SupportedCriteria',NULL,4,52,0);
INSERT INTO VARIABLE VALUES(53,'RoundClockAlignedTimestamps',NULL,4,53,0);
INSERT INTO VARIABLE VALUES(54,'Available',NULL,5,54,0);
INSERT INTO VARIABLE VALUES(55,'BytesPerMessage','ClearVariableMonitoring',5,55,0);
INSERT INTO VARIABLE VALUES(56,'BytesPerMessage','SetVariableMonitoring',5,56,1);
INSERT INTO VARIABLE VALUES(57,'Enabled',NULL,5,57,0);
INSERT INTO VARIABLE VALUES(58,'ItemsPerMessage','ClearVariableMonitoring',5,58,0);
INSERT INTO VARIABLE VALUES(59,'ItemsPerMessage','SetVariableMonitoring',5,59,1);
INSERT INTO VARIABLE VALUES(60,'OfflineQueuingSeverity',NULL,5,60,0);
INSERT INTO VARIABLE VALUES(61,'MonitoringBase',NULL,5,61,0);
INSERT INTO VARIABLE VALUES(62,'MonitoringLevel',NULL,5,62,0);
INSERT INTO VARIABLE VALUES(63,'ActiveMonitoringBase',NULL,5,63,0);
INSERT INTO VARIABLE VALUES(64,'ActiveMonitoringLevel',NULL,5,64,0);
INSERT INTO VARIABLE VALUES(65,'Enabled',NULL,6,65,0);
INSERT INTO VARIABLE VALUES(66,'ActiveNetworkProfile',NULL,6,66,0);
INSERT INTO VARIABLE VALUES(67,'FileTransferProtocols',NULL,6,67,1);
INSERT INTO VARIABLE VALUES(68,'HeartbeatInterval',NULL,6,68,0);
INSERT INTO VARIABLE VALUES(69,'MessageTimeout','Default',6,69,1);
INSERT INTO VARIABLE VALUES(70,'MessageAttemptInterval','TransactionEvent',6,70,1);
INSERT INTO VARIABLE VALUES(71,'MessageAttempts','TransactionEvent',6,71,1);
INSERT INTO VARIABLE VALUES(72,'NetworkConfigurationPriority',NULL,6,72,1);
INSERT INTO VARIABLE VALUES(73,'NetworkProfileConnectionAttempts',NULL,6,73,1);
INSERT INTO VARIABLE VALUES(74,'OfflineThreshold',NULL,6,74,1);
INSERT INTO VARIABLE VALUES(75,'PublicKeyWithSignedMeterValue',NULL,6,75,0);
INSERT INTO VARIABLE VALUES(76,'QueueAllMessages',NULL,6,76,0);
INSERT INTO VARIABLE VALUES(77,'ResetRetries',NULL,6,77,1);
INSERT INTO VARIABLE VALUES(78,'RetryBackOffRandomRange',NULL,6,78,1);
INSERT INTO VARIABLE VALUES(79,'RetryBackOffRepeatTimes',NULL,6,79,1);
INSERT INTO VARIABLE VALUES(80,'RetryBackOffWaitMinimum',NULL,6,80,1);
INSERT INTO VARIABLE VALUES(81,'UnlockOnEVSideDisconnect',NULL,6,81,1);
INSERT INTO VARIABLE VALUES(82,'WebSocketPingInterval',NULL,6,82,1);
INSERT INTO VARIABLE VALUES(83,'FieldLength',NULL,6,83,0);
INSERT INTO VARIABLE VALUES(84,'Enabled',NULL,7,84,0);
INSERT INTO VARIABLE VALUES(85,'Available',NULL,7,85,0);
INSERT INTO VARIABLE VALUES(86,'Interval',NULL,7,86,1);
INSERT INTO VARIABLE VALUES(87,'Measurands',NULL,7,87,1);
INSERT INTO VARIABLE VALUES(88,'SendDuringIdle',NULL,7,88,0);
INSERT INTO VARIABLE VALUES(89,'SignReadings',NULL,7,89,0);
INSERT INTO VARIABLE VALUES(90,'TxEndedInterval',NULL,7,90,1);
INSERT INTO VARIABLE VALUES(91,'TxEndedMeasurands',NULL,7,91,1);
INSERT INTO VARIABLE VALUES(92,'Available',NULL,8,92,0);
INSERT INTO VARIABLE VALUES(93,'BytesPerMessage',NULL,8,93,1);
INSERT INTO VARIABLE VALUES(94,'Enabled',NULL,8,94,0);
INSERT INTO VARIABLE VALUES(95,'Entries',NULL,8,95,1);
INSERT INTO VARIABLE VALUES(96,'ItemsPerMessage',NULL,8,96,1);
INSERT INTO VARIABLE VALUES(97,'Storage',NULL,8,97,0);
INSERT INTO VARIABLE VALUES(98,'DisablePostAuthorize',NULL,8,98,0);
INSERT INTO VARIABLE VALUES(99,'Available','Tariff',9,99,0);
INSERT INTO VARIABLE VALUES(100,'Available','Cost',9,100,0);
INSERT INTO VARIABLE VALUES(101,'Currency',NULL,9,101,1);
INSERT INTO VARIABLE VALUES(102,'Enabled','Tariff',9,102,0);
INSERT INTO VARIABLE VALUES(103,'Enabled','Cost',9,103,0);
INSERT INTO VARIABLE VALUES(104,'TariffFallbackMessage',NULL,9,104,1);
INSERT INTO VARIABLE VALUES(105,'TotalCostFallbackMessage',NULL,9,105,1);
INSERT INTO VARIABLE VALUES(106,'Available',NULL,10,106,0);
INSERT INTO VARIABLE VALUES(107,'NumberOfDisplayMessages',NULL,10,107,1);
INSERT INTO VARIABLE VALUES(108,'Enabled',NULL,10,108,0);
INSERT INTO VARIABLE VALUES(109,'PersonalMessageSize',NULL,10,109,0);
INSERT INTO VARIABLE VALUES(110,'SupportedFormats',NULL,10,110,1);
INSERT INTO VARIABLE VALUES(111,'SupportedPriorities',NULL,10,111,1);
INSERT INTO VARIABLE VALUES(112,'Enabled',NULL,11,112,0);
INSERT INTO VARIABLE VALUES(113,'ChargingTime',NULL,11,113,0);
INSERT INTO VARIABLE VALUES(114,'EVConnectionTimeOut',NULL,11,114,1);
INSERT INTO VARIABLE VALUES(115,'MaxEnergyOnInvalidId',NULL,11,115,0);
INSERT INTO VARIABLE VALUES(116,'StopTxOnEVSideDisconnect',NULL,11,116,1);
INSERT INTO VARIABLE VALUES(117,'StopTxOnInvalidId',NULL,11,117,1);
INSERT INTO VARIABLE VALUES(118,'TxBeforeAcceptedEnabled',NULL,11,118,0);
INSERT INTO VARIABLE VALUES(119,'TxStartPoint',NULL,11,119,1);
INSERT INTO VARIABLE VALUES(120,'TxStopPoint',NULL,11,120,1);
INSERT INTO VARIABLE VALUES(121,'AllowNewSessionsPendingFirmwareUpdate','BytesPerMessage',12,121,0);
INSERT INTO VARIABLE VALUES(122,'AvailabilityState',NULL,12,122,1);
INSERT INTO VARIABLE VALUES(123,'PhaseRotation',NULL,12,123,0);
INSERT INTO VARIABLE VALUES(124,'Available',NULL,12,124,1);
INSERT INTO VARIABLE VALUES(125,'Model',NULL,12,125,0);
INSERT INTO VARIABLE VALUES(126,'SupplyPhases',NULL,12,126,1);
INSERT INTO VARIABLE VALUES(127,'VendorName',NULL,12,127,0);
INSERT INTO VARIABLE VALUES(128,'Problem',NULL,12,128,0);
INSERT INTO VARIABLE VALUES(129,'Enabled',NULL,13,129,0);
INSERT INTO VARIABLE VALUES(130,'AdditionalInfoItemsPerMessage',NULL,13,130,0);
INSERT INTO VARIABLE VALUES(131,'AuthorizeRemoteStart',NULL,13,131,1);
INSERT INTO VARIABLE VALUES(132,'LocalAuthorizeOffline',NULL,13,132,1);
INSERT INTO VARIABLE VALUES(133,'LocalPreAuthorize',NULL,13,133,1);
INSERT INTO VARIABLE VALUES(134,'MasterPassGroupId',NULL,13,134,0);
INSERT INTO VARIABLE VALUES(135,'OfflineTxForUnknownIdEnabled',NULL,13,135,0);
INSERT INTO VARIABLE VALUES(136,'DisableRemoteAuthorization',NULL,13,136,0);
INSERT INTO VARIABLE VALUES(137,'Enabled',NULL,14,137,0);
INSERT INTO VARIABLE VALUES(138,'CentralContractValidationAllowed',NULL,14,138,0);
INSERT INTO VARIABLE VALUES(139,'ContractValidationOffline',NULL,14,139,1);
INSERT INTO VARIABLE VALUES(140,'SeccId',NULL,14,140,0);
INSERT INTO VARIABLE VALUES(141,'MaxScheduleEntries',NULL,14,141,0);
INSERT INTO VARIABLE VALUES(142,'RequestedEnergyTransferMode',NULL,14,142,0);
INSERT INTO VARIABLE VALUES(143,'RequestMeteringReceipt',NULL,14,143,0);
INSERT INTO VARIABLE VALUES(144,'CountryName',NULL,14,144,0);
INSERT INTO VARIABLE VALUES(145,'OrganizationName',NULL,14,145,0);
INSERT INTO VARIABLE VALUES(146,'PnCEnabled',NULL,14,146,0);
INSERT INTO VARIABLE VALUES(147,'V2GCertificateInstallationEnabled',NULL,14,147,0);
INSERT INTO VARIABLE VALUES(148,'ContractCertificateInstallationEnabled',NULL,14,148,0);
INSERT INTO VARIABLE VALUES(149,'Available',NULL,15,149,0);
INSERT INTO VARIABLE VALUES(150,'Enabled',NULL,15,150,0);
INSERT INTO VARIABLE VALUES(151,'SignReadings',NULL,15,151,0);
INSERT INTO VARIABLE VALUES(152,'TxEndedInterval',NULL,15,152,1);
INSERT INTO VARIABLE VALUES(153,'TxEndedMeasurands',NULL,15,153,1);
INSERT INTO VARIABLE VALUES(154,'TxStartedMeasurands',NULL,15,154,1);
INSERT INTO VARIABLE VALUES(155,'TxUpdatedInterval',NULL,15,155,1);
INSERT INTO VARIABLE VALUES(156,'TxUpdatedMeasurands',NULL,15,156,1);
INSERT INTO VARIABLE VALUES(157,'RegisterValuesWithoutPhases',NULL,15,157,0);
INSERT INTO VARIABLE VALUES(158,'Enabled',NULL,16,158,0);
INSERT INTO VARIABLE VALUES(159,'CustomImplementationEnabled',NULL,16,159,0);
INSERT INTO VARIABLE VALUES(160,'ACPhaseSwitchingSupported',NULL,17,160,0);
INSERT INTO VARIABLE VALUES(161,'Available',NULL,17,161,0);
INSERT INTO VARIABLE VALUES(162,'Enabled',NULL,17,162,0);
INSERT INTO VARIABLE VALUES(163,'Entries','ChargingProfiles',17,163,1);
INSERT INTO VARIABLE VALUES(164,'ExternalControlSignalsEnabled',NULL,17,164,0);
INSERT INTO VARIABLE VALUES(165,'LimitChangeSignificance',NULL,17,165,1);
INSERT INTO VARIABLE VALUES(166,'NotifyChargingLimitWithSchedules',NULL,17,166,0);
INSERT INTO VARIABLE VALUES(167,'PeriodsPerSchedule',NULL,17,167,1);
INSERT INTO VARIABLE VALUES(168,'Phases3to1',NULL,17,168,0);
INSERT INTO VARIABLE VALUES(169,'ProfileStackLevel',NULL,17,169,1);
INSERT INTO VARIABLE VALUES(170,'RateUnit',NULL,17,170,1);
INSERT INTO VARIABLE VALUES(171,'Active',NULL,18,171,0);
INSERT INTO VARIABLE VALUES(172,'Color',NULL,18,172,0);
INSERT INTO VARIABLE VALUES(173,'Enabled',NULL,19,173,0);
INSERT INTO VARIABLE VALUES(174,'AdditionalRootCertificateCheck',NULL,19,174,0);
INSERT INTO VARIABLE VALUES(175,'BasicAuthPassword',NULL,19,175,0);
INSERT INTO VARIABLE VALUES(176,'CertificateEntries',NULL,19,176,1);
INSERT INTO VARIABLE VALUES(177,'CertSigningRepeatTimes',NULL,19,177,0);
INSERT INTO VARIABLE VALUES(178,'CertSigningWaitMinimum',NULL,19,178,0);
INSERT INTO VARIABLE VALUES(179,'Identity',NULL,19,179,1);
INSERT INTO VARIABLE VALUES(180,'MaxCertificateChainSize',NULL,19,180,0);
INSERT INTO VARIABLE VALUES(181,'OrganizationName',NULL,19,181,1);
INSERT INTO VARIABLE VALUES(182,'SecurityProfile',NULL,19,182,1);
INSERT INTO VARIABLE VALUES(183,'Enabled',NULL,20,183,0);
INSERT INTO VARIABLE VALUES(184,'DateTime',NULL,20,184,1);
INSERT INTO VARIABLE VALUES(185,'NextTimeOffsetTransitionDateTime',NULL,20,185,0);
INSERT INTO VARIABLE VALUES(186,'NtpServerUri',NULL,20,186,0);
INSERT INTO VARIABLE VALUES(187,'NtpSource',NULL,20,187,0);
INSERT INTO VARIABLE VALUES(188,'TimeAdjustmentReportingThreshold',NULL,20,188,0);
INSERT INTO VARIABLE VALUES(189,'TimeOffset',NULL,20,189,0);
INSERT INTO VARIABLE VALUES(190,'TimeOffset','NextTransition',20,190,0);
INSERT INTO VARIABLE VALUES(191,'TimeSource',NULL,20,191,1);
INSERT INTO VARIABLE VALUES(192,'TimeZone',NULL,20,192,0);
INSERT INTO VARIABLE VALUES(193,'AvailabilityState',NULL,21,193,0);
INSERT INTO VARIABLE VALUES(194,'Available',NULL,21,194,1);
INSERT INTO VARIABLE VALUES(195,'ChargeProtocol',NULL,21,195,0);
INSERT INTO VARIABLE VALUES(196,'ConnectorType',NULL,21,196,1);
INSERT INTO VARIABLE VALUES(197,'SupplyPhases',NULL,21,197,1);
INSERT INTO VARIABLE VALUES(198,'AllowReset',NULL,22,198,0);
INSERT INTO VARIABLE VALUES(199,'AvailabilityState',NULL,22,199,1);
INSERT INTO VARIABLE VALUES(200,'Available',NULL,22,200,1);
INSERT INTO VARIABLE VALUES(201,'EvseId',NULL,22,201,0);
INSERT INTO VARIABLE VALUES(202,'Power',NULL,22,202,1);
INSERT INTO VARIABLE VALUES(203,'SupplyPhases',NULL,22,203,1);
INSERT INTO VARIABLE VALUES(204,'ISO15118EvseId',NULL,22,204,0);
INSERT INTO VARIABLE VALUES(205,'AllowReset',NULL,23,205,0);
INSERT INTO VARIABLE VALUES(206,'AvailabilityState',NULL,23,206,1);
INSERT INTO VARIABLE VALUES(207,'Available',NULL,23,207,1);
INSERT INTO VARIABLE VALUES(208,'EvseId',NULL,23,208,0);
INSERT INTO VARIABLE VALUES(209,'Power',NULL,23,209,1);
INSERT INTO VARIABLE VALUES(210,'SupplyPhases',NULL,23,210,1);
INSERT INTO VARIABLE VALUES(211,'ISO15118EvseId',NULL,23,211,0);
INSERT INTO VARIABLE VALUES(212,'AvailabilityState',NULL,24,212,0);
INSERT INTO VARIABLE VALUES(213,'Available',NULL,24,213,1);
INSERT INTO VARIABLE VALUES(214,'ChargeProtocol',NULL,24,214,0);
INSERT INTO VARIABLE VALUES(215,'ConnectorType',NULL,24,215,1);
INSERT INTO VARIABLE VALUES(216,'SupplyPhases',NULL,24,216,1);
INSERT INTO sqlite_sequence VALUES('VARIABLE_ATTRIBUTE_TYPE',3);
INSERT INTO sqlite_sequence VALUES('COMPONENT',24);
INSERT INTO sqlite_sequence VALUES('VARIABLE_CHARACTERISTICS',216);
INSERT INTO sqlite_sequence VALUES('VARIABLE',216);
INSERT INTO sqlite_sequence VALUES('VARIABLE_ATTRIBUTE',216);
COMMIT;
